customer_id,name,email,segment,country,signup_date
1,Samantha Anderson,samantha.anderson1@email.com,Premium,USA,2023-08-17
2,Sarah Wilson,sarah.wilson2@email.com,Standard,Canada,2023-03-31
3,Pamela Diaz,pamela.diaz3@email.com,Premium,USA,2023-08-27
4,Nicholas Brown,nicholas.brown4@email.com,Standard,UK,2024-12-19
5,Helen Turner,helen.turner5@email.com,Premium,USA,2023-01-07
6,Christopher Diaz,christopher.diaz6@email.com,Standard,USA,2023-12-11
7,Susan Lopez,susan.lopez7@email.com,Standard,USA,2023-12-19
8,Nicole King,nicole.king8@email.com,Standard,UK,2024-07-03
9,Jessica Carter,jessica.carter9@email.com,Premium,USA,2024-10-05
10,Emma Campbell,emma.campbell10@email.com,Standard,UK,2023-02-16
11,Raymond Robinson,raymond.robinson11@email.com,Standard,Australia,2023-08-27
12,Richard Carter,richard.carter12@email.com,Premium,UK,2024-01-09
13,Christopher Mitchell,christopher.mitchell13@email.com,Standard,UK,2024-12-19
14,Debra Martinez,debra.martinez14@email.com,Standard,USA,2023-09-08
15,Christopher Reyes,christopher.reyes15@email.com,Standard,Australia,2024-10-17
16,Alexander Lewis,alexander.lewis16@email.com,Standard,Canada,2023-02-27
17,Sandra Jones,sandra.jones17@email.com,Standard,USA,2023-03-09
18,Margaret Green,margaret.green18@email.com,Premium,USA,2024-10-20
19,Ryan Jackson,ryan.jackson19@email.com,Premium,USA,2024-07-28
20,Jonathan King,jonathan.king20@email.com,Standard,USA,2024-08-20
21,Stephanie Campbell,stephanie.campbell21@email.com,Premium,Australia,2024-06-05
22,Amy Lopez,amy.lopez22@email.com,Standard,Canada,2023-06-06
23,Benjamin Lee,benjamin.lee23@email.com,Standard,USA,2023-03-07
24,Deborah Carter,deborah.carter24@email.com,Standard,USA,2023-09-15
25,Stephen Johnson,stephen.johnson25@email.com,Standard,USA,2024-07-03
26,Paul Baker,paul.baker26@email.com,Premium,USA,2024-04-09
27,James King,james.king27@email.com,Standard,UK,2024-06-03
28,Susan Hill,susan.hill28@email.com,Standard,USA,2023-07-23
29,Karen Mitchell,karen.mitchell29@email.com,Standard,USA,2024-06-27
30,James Adams,james.adams30@email.com,Standard,USA,2024-01-07
31,Michelle Walker,michelle.walker31@email.com,Premium,Canada,2023-03-22
32,David Morales,david.morales32@email.com,Standard,Australia,2024-06-29
33,Thomas Taylor,thomas.taylor33@email.com,Standard,Australia,2023-06-19
34,Kimberly Diaz,kimberly.diaz34@email.com,Standard,Australia,2024-12-07
35,Betty Flores,betty.flores35@email.com,Standard,UK,2024-01-18
36,Jeffrey Edwards,jeffrey.edwards36@email.com,Premium,USA,2023-12-13
37,John Robinson,john.robinson37@email.com,Standard,USA,2024-12-25
38,Benjamin Davis,benjamin.davis38@email.com,Premium,Australia,2023-12-05
39,Barbara Walker,barbara.walker39@email.com,Premium,USA,2024-07-06
40,Thomas Stewart,thomas.stewart40@email.com,Premium,USA,2024-02-21
41,Matthew Gonzalez,matthew.gonzalez41@email.com,Premium,USA,2024-03-09
42,Timothy Reyes,timothy.reyes42@email.com,Standard,USA,2024-10-31
43,Samuel Gonzalez,samuel.gonzalez43@email.com,Premium,UK,2023-04-22
44,Ashley Harris,ashley.harris44@email.com,Premium,USA,2024-03-08
45,Lisa Scott,lisa.scott45@email.com,Standard,Canada,2023-03-19
46,Jeffrey Gonzalez,jeffrey.gonzalez46@email.com,Premium,Australia,2023-01-16
47,Elizabeth Walker,elizabeth.walker47@email.com,Premium,USA,2023-08-07
48,Stephanie Davis,stephanie.davis48@email.com,Premium,USA,2024-02-04
49,Kimberly Collins,kimberly.collins49@email.com,Premium,UK,2024-07-23
50,Raymond Morales,raymond.morales50@email.com,Premium,USA,2023-03-01
51,Justin Davis,justin.davis51@email.com,Standard,USA,2024-08-21
52,Kathleen Lee,kathleen.lee52@email.com,Premium,USA,2023-07-10
53,William Rodriguez,william.rodriguez53@email.com,Standard,USA,2023-05-03
54,Larry Young,larry.young54@email.com,Standard,USA,2023-03-25
55,Rebecca Green,rebecca.green55@email.com,Standard,USA,2023-11-18
56,Donald King,donald.king56@email.com,Standard,UK,2023-11-04
57,Ryan Green,ryan.green57@email.com,Standard,Australia,2023-01-10
58,Ryan Gonzalez,ryan.gonzalez58@email.com,Premium,USA,2023-09-29
59,Thomas Hall,thomas.hall59@email.com,Standard,Canada,2024-01-14
60,Andrew Lee,andrew.lee60@email.com,Standard,USA,2023-11-06
61,Brandon Johnson,brandon.johnson61@email.com,Standard,USA,2024-11-10
62,Susan Moore,susan.moore62@email.com,Premium,Canada,2024-07-20
63,Karen Wright,karen.wright63@email.com,Premium,USA,2023-12-18
64,Anthony King,anthony.king64@email.com,Standard,USA,2023-02-22
65,Elizabeth Diaz,elizabeth.diaz65@email.com,Standard,USA,2023-12-08
66,Thomas King,thomas.king66@email.com,Premium,USA,2024-12-23
67,Jason Johnson,jason.johnson67@email.com,Premium,Australia,2024-12-08
68,Karen Jones,karen.jones68@email.com,Standard,USA,2023-06-01
69,Sharon Taylor,sharon.taylor69@email.com,Premium,USA,2023-02-10
70,Amanda Clark,amanda.clark70@email.com,Standard,UK,2023-12-29
71,Anna Evans,anna.evans71@email.com,Standard,UK,2023-08-31
72,Christopher Thompson,christopher.thompson72@email.com,Standard,USA,2023-12-07
73,Timothy Young,timothy.young73@email.com,Premium,UK,2023-04-21
74,Edward Jones,edward.jones74@email.com,Standard,USA,2024-04-16
75,Brian Flores,brian.flores75@email.com,Standard,Canada,2023-08-17
76,Patricia Harris,patricia.harris76@email.com,Standard,USA,2023-03-13
77,Emily Hall,emily.hall77@email.com,Standard,USA,2024-07-03
78,Kevin Brown,kevin.brown78@email.com,Premium,Australia,2023-07-02
79,Justin King,justin.king79@email.com,Premium,USA,2023-12-20
80,Carolyn Green,carolyn.green80@email.com,Standard,Australia,2023-04-29
81,Deborah Harris,deborah.harris81@email.com,Premium,UK,2023-01-02
82,Eric Sanchez,eric.sanchez82@email.com,Standard,USA,2024-11-11
83,Kevin Green,kevin.green83@email.com,Standard,USA,2023-11-04
84,Nicholas Flores,nicholas.flores84@email.com,Standard,USA,2024-12-14
85,Donna Taylor,donna.taylor85@email.com,Premium,UK,2024-01-24
86,Gregory Thompson,gregory.thompson86@email.com,Standard,USA,2024-07-15
87,James Hill,james.hill87@email.com,Premium,USA,2024-08-16
88,Nicole Adams,nicole.adams88@email.com,Standard,USA,2023-08-07
89,Shirley Stewart,shirley.stewart89@email.com,Standard,Australia,2023-06-23
90,Raymond Hernandez,raymond.hernandez90@email.com,Premium,UK,2024-09-26
91,Kevin Lopez,kevin.lopez91@email.com,Standard,UK,2024-11-19
92,Michelle Lewis,michelle.lewis92@email.com,Standard,USA,2023-02-17
93,Ashley Stewart,ashley.stewart93@email.com,Standard,UK,2024-04-11
94,Rebecca Harris,rebecca.harris94@email.com,Standard,USA,2024-02-14
95,Ashley Jackson,ashley.jackson95@email.com,Standard,USA,2023-04-20
96,Jason Lewis,jason.lewis96@email.com,Premium,Australia,2024-06-14
97,Cynthia Miller,cynthia.miller97@email.com,Standard,Australia,2023-05-05
98,Ryan Moore,ryan.moore98@email.com,Standard,UK,2024-07-26
99,Scott Green,scott.green99@email.com,Standard,Canada,2024-09-19
100,Frank Diaz,frank.diaz100@email.com,Standard,USA,2023-06-12
101,Janet Stewart,janet.stewart101@email.com,Standard,UK,2024-10-14
102,Emily Morales,emily.morales102@email.com,Standard,USA,2023-03-21
103,Catherine Torres,catherine.torres103@email.com,Premium,USA,2024-07-07
104,David Moore,david.moore104@email.com,Premium,USA,2023-06-06
105,Patrick Ramirez,patrick.ramirez105@email.com,Premium,USA,2024-07-09
106,Cynthia Turner,cynthia.turner106@email.com,Premium,Canada,2024-02-03
107,Justin Williams,justin.williams107@email.com,Standard,UK,2024-01-25
108,Kathleen Smith,kathleen.smith108@email.com,Standard,USA,2024-02-04
109,Rebecca Lewis,rebecca.lewis109@email.com,Standard,USA,2024-05-12
110,Patricia Roberts,patricia.roberts110@email.com,Standard,UK,2024-02-19
111,Frank Perez,frank.perez111@email.com,Standard,Australia,2024-09-29
112,Jonathan Brown,jonathan.brown112@email.com,Standard,USA,2024-11-09
113,Patricia Hernandez,patricia.hernandez113@email.com,Standard,USA,2024-04-17
114,Lisa Miller,lisa.miller114@email.com,Premium,USA,2024-04-10
115,Dorothy Baker,dorothy.baker115@email.com,Standard,USA,2024-03-07
116,Steven Hernandez,steven.hernandez116@email.com,Standard,UK,2023-02-23
117,Brian Lewis,brian.lewis117@email.com,Standard,UK,2024-10-29
118,Jennifer Brown,jennifer.brown118@email.com,Standard,USA,2023-01-21
119,Emma Martin,emma.martin119@email.com,Premium,USA,2023-04-28
120,Larry Ramirez,larry.ramirez120@email.com,Standard,USA,2024-01-13
121,Nancy Anderson,nancy.anderson121@email.com,Standard,USA,2023-11-15
122,Susan Brown,susan.brown122@email.com,Standard,USA,2024-01-20
123,Ronald Sanchez,ronald.sanchez123@email.com,Premium,UK,2024-10-04
124,Ashley Wilson,ashley.wilson124@email.com,Standard,USA,2024-12-01
125,Scott Thomas,scott.thomas125@email.com,Standard,USA,2023-02-12
126,Brian Diaz,brian.diaz126@email.com,Standard,USA,2024-10-25
127,Carol Johnson,carol.johnson127@email.com,Standard,Canada,2023-04-19
128,Sharon Campbell,sharon.campbell128@email.com,Standard,Canada,2024-12-25
129,Karen Parker,karen.parker129@email.com,Premium,USA,2024-10-28
130,Paul Morris,paul.morris130@email.com,Standard,Canada,2024-08-29
131,Paul Adams,paul.adams131@email.com,Standard,Canada,2023-03-30
132,Emily Edwards,emily.edwards132@email.com,Premium,USA,2024-09-16
133,Christine Carter,christine.carter133@email.com,Standard,USA,2023-11-29
134,Lisa Morales,lisa.morales134@email.com,Premium,UK,2023-12-15
135,Emily Scott,emily.scott135@email.com,Standard,USA,2023-07-15
136,David Walker,david.walker136@email.com,Standard,USA,2023-09-04
137,Alexander Stewart,alexander.stewart137@email.com,Standard,USA,2023-01-18
138,Elizabeth Nguyen,elizabeth.nguyen138@email.com,Premium,UK,2023-11-10
139,Raymond Mitchell,raymond.mitchell139@email.com,Standard,USA,2024-03-11
140,Janet Nelson,janet.nelson140@email.com,Standard,USA,2023-11-10
141,Steven Robinson,steven.robinson141@email.com,Premium,USA,2023-05-03
142,Janet White,janet.white142@email.com,Premium,UK,2023-10-11
143,Frank Torres,frank.torres143@email.com,Standard,Canada,2023-10-31
144,Sandra Campbell,sandra.campbell144@email.com,Premium,USA,2024-06-30
145,Thomas Scott,thomas.scott145@email.com,Premium,USA,2023-10-27
146,Rachel Taylor,rachel.taylor146@email.com,Standard,UK,2023-04-16
147,Mary Torres,mary.torres147@email.com,Standard,USA,2023-07-08
148,Michael Allen,michael.allen148@email.com,Standard,USA,2023-03-08
149,Stephanie Morales,stephanie.morales149@email.com,Premium,UK,2023-02-24
150,Karen Martin,karen.martin150@email.com,Standard,Australia,2023-03-29
151,Ashley Thomas,ashley.thomas151@email.com,Standard,USA,2024-09-02
152,Emma Lewis,emma.lewis152@email.com,Standard,USA,2024-03-29
153,Joshua Diaz,joshua.diaz153@email.com,Standard,UK,2024-09-16
154,Raymond Gonzalez,raymond.gonzalez154@email.com,Standard,USA,2023-08-05
155,Kimberly Hernandez,kimberly.hernandez155@email.com,Premium,USA,2023-03-18
156,Christopher Smith,christopher.smith156@email.com,Standard,UK,2024-04-26
157,Donna Jones,donna.jones157@email.com,Premium,UK,2024-12-20
158,Ryan Martinez,ryan.martinez158@email.com,Standard,Australia,2024-10-02
159,Pamela Sanchez,pamela.sanchez159@email.com,Standard,USA,2024-10-25
160,Karen Wright,karen.wright160@email.com,Standard,USA,2023-06-19
161,Michelle Torres,michelle.torres161@email.com,Standard,USA,2023-11-08
162,Rachel Phillips,rachel.phillips162@email.com,Standard,USA,2024-05-20
163,Jeffrey Hernandez,jeffrey.hernandez163@email.com,Standard,Canada,2023-11-27
164,Nicole Allen,nicole.allen164@email.com,Premium,USA,2024-11-21
165,Brenda Williams,brenda.williams165@email.com,Standard,UK,2023-10-03
166,Brenda Garcia,brenda.garcia166@email.com,Standard,USA,2024-06-15
167,Katherine Cruz,katherine.cruz167@email.com,Standard,USA,2024-08-22
168,Sharon Morales,sharon.morales168@email.com,Standard,USA,2024-02-23
169,Kevin Adams,kevin.adams169@email.com,Standard,Canada,2023-12-04
170,Timothy Murphy,timothy.murphy170@email.com,Premium,Australia,2024-07-17
171,Robert Collins,robert.collins171@email.com,Premium,USA,2023-04-29
172,Stephanie Smith,stephanie.smith172@email.com,Standard,USA,2024-02-28
173,Michael Harris,michael.harris173@email.com,Standard,UK,2024-05-25
174,Benjamin Cruz,benjamin.cruz174@email.com,Standard,USA,2024-07-16
175,Thomas Torres,thomas.torres175@email.com,Standard,UK,2023-05-05
176,Patricia Walker,patricia.walker176@email.com,Standard,USA,2023-01-15
177,Stephen Evans,stephen.evans177@email.com,Premium,Australia,2023-04-27
178,Cynthia Thomas,cynthia.thomas178@email.com,Standard,USA,2023-10-26
179,Shirley Wright,shirley.wright179@email.com,Standard,USA,2024-04-28
180,Ashley Collins,ashley.collins180@email.com,Standard,USA,2024-09-05
181,Shirley Moore,shirley.moore181@email.com,Standard,USA,2024-02-29
182,Carol Wright,carol.wright182@email.com,Standard,USA,2023-11-02
183,Pamela Morales,pamela.morales183@email.com,Standard,USA,2024-05-10
184,Brian Nelson,brian.nelson184@email.com,Standard,USA,2024-04-11
185,Dorothy Harris,dorothy.harris185@email.com,Standard,USA,2024-01-28
186,Sandra Evans,sandra.evans186@email.com,Premium,UK,2024-12-23
187,Edward Roberts,edward.roberts187@email.com,Standard,UK,2024-10-29
188,Karen Murphy,karen.murphy188@email.com,Standard,USA,2024-08-27
189,Kevin Gonzalez,kevin.gonzalez189@email.com,Standard,USA,2024-06-22
190,Ryan Johnson,ryan.johnson190@email.com,Standard,USA,2024-11-01
191,Karen Martinez,karen.martinez191@email.com,Standard,Australia,2023-12-13
192,Emma Gomez,emma.gomez192@email.com,Standard,Canada,2024-11-21
193,Jonathan Carter,jonathan.carter193@email.com,Standard,UK,2024-05-14
194,Helen Jones,helen.jones194@email.com,Standard,USA,2024-12-01
195,Andrew Robinson,andrew.robinson195@email.com,Standard,USA,2023-04-11
196,Samantha Gonzalez,samantha.gonzalez196@email.com,Standard,UK,2023-01-30
197,Jennifer Adams,jennifer.adams197@email.com,Standard,USA,2024-01-19
198,Sharon Jackson,sharon.jackson198@email.com,Premium,USA,2024-11-29
199,Lisa Perez,lisa.perez199@email.com,Premium,UK,2024-01-27
200,Emma Walker,emma.walker200@email.com,Standard,USA,2023-08-26
201,Cynthia Allen,cynthia.allen201@email.com,Standard,UK,2024-04-21
202,Andrew Lee,andrew.lee202@email.com,Premium,Australia,2024-08-24
203,Joshua Diaz,joshua.diaz203@email.com,Standard,USA,2023-11-06
204,Betty Roberts,betty.roberts204@email.com,Standard,USA,2024-01-26
205,Brenda Rivera,brenda.rivera205@email.com,Standard,Australia,2023-10-30
206,John Gomez,john.gomez206@email.com,Premium,USA,2024-12-03
207,Janet Miller,janet.miller207@email.com,Standard,UK,2023-10-21
208,Sandra Rivera,sandra.rivera208@email.com,Premium,USA,2023-09-14
209,Gregory Moore,gregory.moore209@email.com,Standard,Australia,2024-10-23
210,Jennifer Flores,jennifer.flores210@email.com,Standard,USA,2024-01-09
211,Carolyn Taylor,carolyn.taylor211@email.com,Premium,USA,2024-03-01
212,Daniel Sanchez,daniel.sanchez212@email.com,Premium,USA,2024-01-10
213,Angela Wright,angela.wright213@email.com,Standard,USA,2024-05-08
214,Donna Baker,donna.baker214@email.com,Standard,USA,2023-03-19
215,Charles Lewis,charles.lewis215@email.com,Standard,UK,2024-02-11
216,Anna Campbell,anna.campbell216@email.com,Premium,USA,2023-09-28
217,Jonathan Thomas,jonathan.thomas217@email.com,Standard,UK,2024-11-19
218,Kimberly Carter,kimberly.carter218@email.com,Standard,Australia,2023-04-21
219,Gregory Robinson,gregory.robinson219@email.com,Standard,UK,2024-07-28
220,Dorothy Lewis,dorothy.lewis220@email.com,Standard,UK,2024-04-20
221,Rachel Hill,rachel.hill221@email.com,Standard,USA,2023-02-16
222,Robert Hill,robert.hill222@email.com,Standard,USA,2023-08-29
223,Jonathan Moore,jonathan.moore223@email.com,Standard,USA,2024-12-14
224,Helen Turner,helen.turner224@email.com,Standard,UK,2024-02-29
225,Katherine Gonzalez,katherine.gonzalez225@email.com,Standard,UK,2023-10-14
226,Robert Mitchell,robert.mitchell226@email.com,Premium,USA,2023-08-30
227,George Gonzalez,george.gonzalez227@email.com,Standard,USA,2024-10-22
228,Amanda Davis,amanda.davis228@email.com,Standard,USA,2023-05-06
229,Ryan Lopez,ryan.lopez229@email.com,Standard,UK,2024-09-03
230,John Miller,john.miller230@email.com,Standard,USA,2023-05-09
231,Larry Clark,larry.clark231@email.com,Premium,UK,2023-08-01
232,Pamela Ramirez,pamela.ramirez232@email.com,Standard,USA,2023-06-01
233,Scott Smith,scott.smith233@email.com,Premium,Australia,2023-05-14
234,Helen Allen,helen.allen234@email.com,Standard,USA,2023-01-27
235,Thomas Johnson,thomas.johnson235@email.com,Standard,UK,2024-08-25
236,Dorothy Williams,dorothy.williams236@email.com,Premium,USA,2024-03-07
237,Angela Anderson,angela.anderson237@email.com,Standard,USA,2024-01-06
238,Shirley Wilson,shirley.wilson238@email.com,Standard,USA,2024-09-21
239,Jennifer Hill,jennifer.hill239@email.com,Standard,Australia,2023-03-04
240,Kathleen Phillips,kathleen.phillips240@email.com,Standard,USA,2024-12-30
241,Jeffrey Martinez,jeffrey.martinez241@email.com,Standard,USA,2023-06-01
242,William Taylor,william.taylor242@email.com,Premium,UK,2024-07-15
243,Catherine Adams,catherine.adams243@email.com,Standard,USA,2023-10-29
244,Ryan Parker,ryan.parker244@email.com,Premium,UK,2024-11-01
245,Katherine Ramirez,katherine.ramirez245@email.com,Standard,Canada,2024-02-28
246,Carol Collins,carol.collins246@email.com,Standard,UK,2023-11-17
247,Jason Green,jason.green247@email.com,Standard,USA,2023-06-06
248,Debra Stewart,debra.stewart248@email.com,Premium,Canada,2023-04-06
249,Sharon Gonzalez,sharon.gonzalez249@email.com,Standard,USA,2023-05-14
250,Anna Davis,anna.davis250@email.com,Standard,USA,2023-12-04
251,Christine Thomas,christine.thomas251@email.com,Standard,Canada,2024-03-09
252,Frank Miller,frank.miller252@email.com,Standard,UK,2023-12-27
253,Susan Ramirez,susan.ramirez253@email.com,Premium,USA,2023-04-21
254,Brian Mitchell,brian.mitchell254@email.com,Premium,USA,2023-08-20
255,Jason Brown,jason.brown255@email.com,Standard,UK,2024-12-11
256,Paul Brown,paul.brown256@email.com,Premium,UK,2023-11-13
257,Carol Hall,carol.hall257@email.com,Premium,Canada,2024-08-02
258,Raymond Phillips,raymond.phillips258@email.com,Premium,UK,2023-02-01
259,Elizabeth Ramirez,elizabeth.ramirez259@email.com,Standard,USA,2023-06-11
260,Melissa Flores,melissa.flores260@email.com,Standard,UK,2024-08-04
261,Scott Hernandez,scott.hernandez261@email.com,Standard,USA,2024-09-24
262,Michael Hernandez,michael.hernandez262@email.com,Premium,UK,2024-05-12
263,Nicole Cruz,nicole.cruz263@email.com,Standard,USA,2024-06-08
264,Joseph Hall,joseph.hall264@email.com,Standard,USA,2024-11-25
265,Pamela Morales,pamela.morales265@email.com,Standard,USA,2023-08-14
266,Ronald Davis,ronald.davis266@email.com,Premium,USA,2023-08-05
267,Sarah Allen,sarah.allen267@email.com,Premium,USA,2024-05-24
268,Janet Parker,janet.parker268@email.com,Premium,USA,2024-12-21
269,Sandra Rivera,sandra.rivera269@email.com,Premium,Canada,2023-02-13
270,Sharon Williams,sharon.williams270@email.com,Standard,USA,2023-11-17
271,Brenda Diaz,brenda.diaz271@email.com,Standard,UK,2024-03-03
272,Donna Anderson,donna.anderson272@email.com,Standard,Australia,2023-06-25
273,Emma Collins,emma.collins273@email.com,Standard,Australia,2023-04-01
274,Sharon Wilson,sharon.wilson274@email.com,Premium,USA,2024-06-20
275,David Gomez,david.gomez275@email.com,Standard,UK,2023-08-15
276,Kevin Perez,kevin.perez276@email.com,Premium,UK,2024-06-27
277,Shirley Harris,shirley.harris277@email.com,Standard,USA,2024-10-22
278,Charles Walker,charles.walker278@email.com,Premium,USA,2023-06-27
279,Nicole Martin,nicole.martin279@email.com,Standard,UK,2023-07-01
280,Benjamin Murphy,benjamin.murphy280@email.com,Standard,USA,2024-08-16
281,Laura Adams,laura.adams281@email.com,Standard,UK,2023-06-04
282,Jeffrey Rodriguez,jeffrey.rodriguez282@email.com,Standard,UK,2023-10-09
283,Pamela Davis,pamela.davis283@email.com,Standard,USA,2024-04-17
284,Laura Jones,laura.jones284@email.com,Premium,Canada,2023-03-20
285,Samuel Lopez,samuel.lopez285@email.com,Standard,USA,2024-04-18
286,Justin Garcia,justin.garcia286@email.com,Standard,Canada,2024-10-29
287,Matthew Adams,matthew.adams287@email.com,Standard,USA,2023-03-05
288,Laura Wilson,laura.wilson288@email.com,Standard,Canada,2023-03-28
289,Nicholas Thompson,nicholas.thompson289@email.com,Premium,UK,2024-03-25
290,Angela Lee,angela.lee290@email.com,Standard,Australia,2024-02-01
291,Timothy Baker,timothy.baker291@email.com,Standard,USA,2024-10-08
292,Samuel Nelson,samuel.nelson292@email.com,Premium,USA,2024-11-25
293,Deborah Torres,deborah.torres293@email.com,Premium,Canada,2024-09-09
294,Karen Nelson,karen.nelson294@email.com,Premium,UK,2023-12-25
295,Michelle Gomez,michelle.gomez295@email.com,Premium,UK,2023-03-28
296,Michelle Carter,michelle.carter296@email.com,Standard,USA,2023-05-11
297,Christine Lopez,christine.lopez297@email.com,Standard,USA,2024-01-06
298,John Campbell,john.campbell298@email.com,Standard,Australia,2023-12-16
299,Gary Harris,gary.harris299@email.com,Premium,USA,2023-03-21
300,Donna Gonzalez,donna.gonzalez300@email.com,Standard,USA,2024-06-23
301,Robert Baker,robert.baker301@email.com,Standard,UK,2024-09-03
302,Edward Martin,edward.martin302@email.com,Premium,Canada,2024-10-01
303,Nancy Cruz,nancy.cruz303@email.com,Premium,USA,2023-09-01
304,Jeffrey Torres,jeffrey.torres304@email.com,Standard,UK,2023-08-28
305,Jonathan Walker,jonathan.walker305@email.com,Standard,Canada,2024-04-25
306,Matthew Mitchell,matthew.mitchell306@email.com,Standard,USA,2024-03-27
307,Cynthia Torres,cynthia.torres307@email.com,Standard,USA,2024-03-04
308,Christopher Sanchez,christopher.sanchez308@email.com,Standard,USA,2023-09-14
309,Michael Morris,michael.morris309@email.com,Standard,USA,2023-04-16
310,Catherine Thomas,catherine.thomas310@email.com,Premium,UK,2023-10-07
311,Laura Jackson,laura.jackson311@email.com,Standard,USA,2023-08-16
312,Laura Hall,laura.hall312@email.com,Standard,USA,2024-02-10
313,Nicholas Mitchell,nicholas.mitchell313@email.com,Premium,Australia,2024-01-19
314,Mark Brown,mark.brown314@email.com,Standard,USA,2024-10-27
315,Kevin Jackson,kevin.jackson315@email.com,Premium,USA,2024-04-28
316,Rachel Moore,rachel.moore316@email.com,Standard,USA,2024-09-22
317,James Hernandez,james.hernandez317@email.com,Premium,USA,2023-06-03
318,Stephen Diaz,stephen.diaz318@email.com,Premium,USA,2023-11-05
319,Jessica Miller,jessica.miller319@email.com,Premium,UK,2024-09-29
320,Ryan Rodriguez,ryan.rodriguez320@email.com,Premium,Australia,2024-09-03
321,Jonathan Williams,jonathan.williams321@email.com,Standard,USA,2023-05-28
322,Donna Diaz,donna.diaz322@email.com,Premium,USA,2024-08-07
323,Rebecca White,rebecca.white323@email.com,Standard,USA,2024-01-05
324,William Williams,william.williams324@email.com,Standard,USA,2024-10-12
325,Deborah Mitchell,deborah.mitchell325@email.com,Premium,USA,2023-03-11
326,Brian Walker,brian.walker326@email.com,Standard,UK,2024-08-18
327,Raymond Nelson,raymond.nelson327@email.com,Premium,USA,2023-12-13
328,Samuel Thompson,samuel.thompson328@email.com,Standard,UK,2024-12-13
329,Kathleen White,kathleen.white329@email.com,Standard,USA,2024-04-13
330,Robert Nguyen,robert.nguyen330@email.com,Premium,UK,2023-02-12
331,Kenneth Flores,kenneth.flores331@email.com,Standard,Australia,2024-07-10
332,Jacob Allen,jacob.allen332@email.com,Premium,UK,2023-10-20
333,Amanda Miller,amanda.miller333@email.com,Standard,USA,2023-05-08
334,Melissa Parker,melissa.parker334@email.com,Standard,UK,2024-01-31
335,Carol White,carol.white335@email.com,Standard,USA,2024-06-15
336,Paul Hernandez,paul.hernandez336@email.com,Standard,USA,2024-09-08
337,Lisa Nguyen,lisa.nguyen337@email.com,Standard,USA,2024-11-07
338,Donna Flores,donna.flores338@email.com,Standard,UK,2023-06-20
339,Alexander Cruz,alexander.cruz339@email.com,Standard,USA,2023-12-28
340,Brandon Parker,brandon.parker340@email.com,Premium,Australia,2023-02-28
341,Barbara Phillips,barbara.phillips341@email.com,Standard,Canada,2024-11-26
342,Christopher Brown,christopher.brown342@email.com,Premium,UK,2024-03-24
343,Robert Taylor,robert.taylor343@email.com,Premium,UK,2024-01-11
344,George Roberts,george.roberts344@email.com,Standard,USA,2023-06-07
345,Gregory Edwards,gregory.edwards345@email.com,Standard,USA,2023-03-20
346,Brenda Moore,brenda.moore346@email.com,Standard,USA,2024-10-27
347,Emily Young,emily.young347@email.com,Standard,USA,2023-07-10
348,Amy Roberts,amy.roberts348@email.com,Standard,USA,2023-09-24
349,Patrick Edwards,patrick.edwards349@email.com,Premium,UK,2024-12-11
350,Gary Sanchez,gary.sanchez350@email.com,Premium,Canada,2024-04-07
351,Daniel Cruz,daniel.cruz351@email.com,Standard,Canada,2023-11-24
352,Christine Hall,christine.hall352@email.com,Standard,USA,2023-10-25
353,Joshua Lee,joshua.lee353@email.com,Standard,Australia,2024-10-15
354,Daniel Campbell,daniel.campbell354@email.com,Standard,USA,2023-07-25
355,Sarah Walker,sarah.walker355@email.com,Standard,USA,2024-07-21
356,Brenda Mitchell,brenda.mitchell356@email.com,Standard,Australia,2023-05-13
357,Brandon Lopez,brandon.lopez357@email.com,Premium,USA,2024-05-05
358,Angela Evans,angela.evans358@email.com,Standard,Canada,2023-03-17
359,Thomas Green,thomas.green359@email.com,Standard,USA,2024-11-27
360,Eric Hall,eric.hall360@email.com,Premium,Canada,2024-07-18
361,Samantha White,samantha.white361@email.com,Standard,USA,2024-05-29
362,Linda Thomas,linda.thomas362@email.com,Standard,USA,2023-06-15
363,Dorothy Lewis,dorothy.lewis363@email.com,Standard,Australia,2023-10-18
364,David Allen,david.allen364@email.com,Premium,Australia,2023-10-09
365,Thomas Hill,thomas.hill365@email.com,Standard,USA,2024-10-18
366,Nancy Martin,nancy.martin366@email.com,Premium,UK,2024-09-11
367,Carol Garcia,carol.garcia367@email.com,Standard,USA,2023-02-16
368,Samuel King,samuel.king368@email.com,Standard,UK,2024-03-02
369,Emma Brown,emma.brown369@email.com,Standard,UK,2023-10-24
370,Samuel Hill,samuel.hill370@email.com,Standard,Canada,2024-12-02
371,Stephanie Hill,stephanie.hill371@email.com,Standard,UK,2023-06-11
372,Jeffrey Turner,jeffrey.turner372@email.com,Standard,USA,2024-09-13
373,Charles Green,charles.green373@email.com,Standard,USA,2023-12-20
374,Stephanie Taylor,stephanie.taylor374@email.com,Standard,USA,2023-04-19
375,Kenneth Walker,kenneth.walker375@email.com,Standard,USA,2023-09-11
376,Charles Gonzalez,charles.gonzalez376@email.com,Premium,Australia,2024-09-22
377,Rebecca Young,rebecca.young377@email.com,Standard,Australia,2023-12-02
378,Brenda Green,brenda.green378@email.com,Premium,USA,2024-06-11
379,Cynthia Murphy,cynthia.murphy379@email.com,Standard,USA,2023-04-03
380,Ronald Collins,ronald.collins380@email.com,Standard,USA,2023-12-28
381,Michael Miller,michael.miller381@email.com,Premium,USA,2024-10-31
382,Gregory Stewart,gregory.stewart382@email.com,Premium,USA,2023-04-21
383,Sharon Moore,sharon.moore383@email.com,Standard,UK,2024-02-17
384,George Garcia,george.garcia384@email.com,Standard,USA,2023-07-19
385,George Torres,george.torres385@email.com,Premium,USA,2024-07-17
386,Emily Thomas,emily.thomas386@email.com,Premium,USA,2024-01-18
387,Carol Campbell,carol.campbell387@email.com,Standard,USA,2024-06-05
388,Stephanie Garcia,stephanie.garcia388@email.com,Premium,USA,2023-12-08
389,Jacob Collins,jacob.collins389@email.com,Premium,Canada,2023-05-24
390,Dorothy Green,dorothy.green390@email.com,Premium,Australia,2023-11-03
391,Pamela Baker,pamela.baker391@email.com,Standard,USA,2024-05-16
392,Patrick Hill,patrick.hill392@email.com,Standard,USA,2023-12-06
393,Gregory Anderson,gregory.anderson393@email.com,Standard,USA,2024-12-05
394,Benjamin Brown,benjamin.brown394@email.com,Standard,USA,2024-11-02
395,Justin Robinson,justin.robinson395@email.com,Standard,USA,2023-06-24
396,Angela Carter,angela.carter396@email.com,Premium,UK,2023-02-02
397,Brenda Anderson,brenda.anderson397@email.com,Premium,USA,2024-03-04
398,Karen Evans,karen.evans398@email.com,Standard,USA,2024-09-18
399,Jacob Davis,jacob.davis399@email.com,Standard,USA,2024-07-28
400,Dorothy Morris,dorothy.morris400@email.com,Standard,USA,2023-06-27
401,Ryan Baker,ryan.baker401@email.com,Standard,UK,2024-11-28
402,Samuel King,samuel.king402@email.com,Standard,USA,2023-09-10
403,Emily Hill,emily.hill403@email.com,Premium,Australia,2023-11-01
404,Andrew Clark,andrew.clark404@email.com,Standard,USA,2024-05-06
405,Brian Scott,brian.scott405@email.com,Premium,USA,2024-07-10
406,Edward Gomez,edward.gomez406@email.com,Standard,Australia,2023-05-30
407,Donna Garcia,donna.garcia407@email.com,Premium,UK,2023-12-21
408,Jeffrey Allen,jeffrey.allen408@email.com,Standard,USA,2024-07-05
409,Paul Wright,paul.wright409@email.com,Premium,UK,2024-08-23
410,Donald Young,donald.young410@email.com,Premium,Australia,2023-08-20
411,Samantha Robinson,samantha.robinson411@email.com,Premium,USA,2024-04-28
412,Richard Moore,richard.moore412@email.com,Premium,USA,2023-06-11
413,Timothy Stewart,timothy.stewart413@email.com,Standard,USA,2023-10-22
414,Dorothy Torres,dorothy.torres414@email.com,Standard,Australia,2023-04-02
415,Katherine Robinson,katherine.robinson415@email.com,Standard,UK,2023-02-08
416,Daniel Turner,daniel.turner416@email.com,Standard,USA,2023-02-07
417,Ronald Murphy,ronald.murphy417@email.com,Premium,UK,2023-10-24
418,Robert Johnson,robert.johnson418@email.com,Premium,UK,2023-12-10
419,Andrew Collins,andrew.collins419@email.com,Standard,USA,2024-05-20
420,Sarah Reyes,sarah.reyes420@email.com,Premium,Canada,2023-12-05
421,Christopher Collins,christopher.collins421@email.com,Standard,UK,2023-01-15
422,Raymond Baker,raymond.baker422@email.com,Standard,USA,2023-07-17
423,Daniel Phillips,daniel.phillips423@email.com,Standard,USA,2023-03-30
424,Stephanie Gonzalez,stephanie.gonzalez424@email.com,Premium,USA,2023-11-28
425,Ashley Smith,ashley.smith425@email.com,Premium,USA,2023-10-01
426,Kevin Hill,kevin.hill426@email.com,Standard,USA,2023-09-25
427,Katherine Campbell,katherine.campbell427@email.com,Standard,USA,2023-05-02
428,Cynthia Flores,cynthia.flores428@email.com,Premium,UK,2024-12-21
429,Michelle Thomas,michelle.thomas429@email.com,Standard,Australia,2024-01-12
430,Brandon Lewis,brandon.lewis430@email.com,Premium,USA,2023-06-06
431,Ryan Mitchell,ryan.mitchell431@email.com,Standard,USA,2024-04-27
432,Jonathan Ramirez,jonathan.ramirez432@email.com,Standard,UK,2024-09-02
433,David Edwards,david.edwards433@email.com,Standard,USA,2024-07-31
434,Joseph Davis,joseph.davis434@email.com,Standard,Australia,2023-07-27
435,Brenda Martin,brenda.martin435@email.com,Premium,Canada,2024-03-28
436,Joseph Clark,joseph.clark436@email.com,Standard,USA,2024-06-06
437,Laura Davis,laura.davis437@email.com,Standard,USA,2024-04-12
438,Larry Davis,larry.davis438@email.com,Standard,UK,2023-11-12
439,Frank Williams,frank.williams439@email.com,Standard,Canada,2023-08-12
440,Justin Martinez,justin.martinez440@email.com,Premium,USA,2023-03-07
441,Helen Davis,helen.davis441@email.com,Standard,USA,2024-04-28
442,Robert Torres,robert.torres442@email.com,Standard,UK,2024-10-18
443,Carolyn Turner,carolyn.turner443@email.com,Standard,Canada,2024-04-04
444,Edward Carter,edward.carter444@email.com,Premium,Australia,2024-07-06
445,Sarah Hall,sarah.hall445@email.com,Premium,Australia,2024-02-07
446,Angela Taylor,angela.taylor446@email.com,Standard,USA,2023-01-04
447,John Hill,john.hill447@email.com,Standard,UK,2024-03-10
448,Jonathan Carter,jonathan.carter448@email.com,Standard,USA,2023-12-21
449,Karen Scott,karen.scott449@email.com,Premium,Canada,2023-04-26
450,Robert Turner,robert.turner450@email.com,Standard,Australia,2023-01-17
451,Donald Clark,donald.clark451@email.com,Premium,USA,2024-04-02
452,Scott Miller,scott.miller452@email.com,Premium,USA,2024-03-25
453,Sandra Ramirez,sandra.ramirez453@email.com,Standard,UK,2023-05-24
454,Nicholas Nguyen,nicholas.nguyen454@email.com,Premium,Australia,2024-08-12
455,Kenneth Adams,kenneth.adams455@email.com,Premium,Canada,2024-11-07
456,Eric Lewis,eric.lewis456@email.com,Standard,USA,2024-07-24
457,Pamela Thompson,pamela.thompson457@email.com,Standard,USA,2024-05-22
458,Michael Hall,michael.hall458@email.com,Standard,UK,2024-06-21
459,Kenneth Turner,kenneth.turner459@email.com,Standard,USA,2023-07-08
460,Jonathan Stewart,jonathan.stewart460@email.com,Premium,USA,2024-12-25
461,Charles Reyes,charles.reyes461@email.com,Standard,USA,2024-03-02
462,Anna Moore,anna.moore462@email.com,Standard,USA,2023-12-05
463,Samuel Hernandez,samuel.hernandez463@email.com,Standard,Canada,2023-04-05
464,Jonathan Harris,jonathan.harris464@email.com,Premium,USA,2024-09-11
465,Nicole Garcia,nicole.garcia465@email.com,Standard,USA,2024-08-24
466,Frank Ramirez,frank.ramirez466@email.com,Standard,Canada,2023-12-07
467,Joshua Johnson,joshua.johnson467@email.com,Premium,USA,2023-05-01
468,Janet Morris,janet.morris468@email.com,Standard,UK,2024-12-21
469,Anthony Gomez,anthony.gomez469@email.com,Standard,USA,2023-10-17
470,Edward Reyes,edward.reyes470@email.com,Standard,USA,2023-09-25
471,George Murphy,george.murphy471@email.com,Standard,Canada,2024-04-25
472,Kenneth Clark,kenneth.clark472@email.com,Standard,USA,2024-07-30
473,Mark Jackson,mark.jackson473@email.com,Premium,USA,2024-08-21
474,Justin Turner,justin.turner474@email.com,Premium,USA,2023-08-24
475,Edward Young,edward.young475@email.com,Standard,UK,2024-12-02
476,Carol Allen,carol.allen476@email.com,Standard,USA,2024-10-19
477,Raymond Morales,raymond.morales477@email.com,Standard,UK,2023-12-27
478,Nancy Moore,nancy.moore478@email.com,Standard,USA,2024-07-09
479,Samuel Davis,samuel.davis479@email.com,Standard,Canada,2023-03-18
480,Christine Miller,christine.miller480@email.com,Standard,USA,2024-10-07
481,Sandra Rodriguez,sandra.rodriguez481@email.com,Standard,USA,2024-06-01
482,Ryan Mitchell,ryan.mitchell482@email.com,Premium,UK,2024-09-23
483,Kathleen Morales,kathleen.morales483@email.com,Premium,USA,2024-02-26
484,Mary Williams,mary.williams484@email.com,Standard,USA,2023-10-21
485,John Parker,john.parker485@email.com,Standard,Australia,2023-04-20
486,Richard Martin,richard.martin486@email.com,Premium,UK,2023-09-16
487,Amanda Wright,amanda.wright487@email.com,Standard,USA,2024-02-20
488,Ryan Young,ryan.young488@email.com,Standard,USA,2024-12-01
489,David Jones,david.jones489@email.com,Premium,USA,2024-07-19
490,Jacob Davis,jacob.davis490@email.com,Standard,UK,2023-03-26
491,Amy Parker,amy.parker491@email.com,Standard,USA,2023-04-08
492,Angela Garcia,angela.garcia492@email.com,Premium,Australia,2024-12-09
493,Larry Stewart,larry.stewart493@email.com,Premium,Australia,2024-12-01
494,Emily Jones,emily.jones494@email.com,Premium,Canada,2023-01-17
495,Anthony Jackson,anthony.jackson495@email.com,Standard,UK,2024-02-12
496,Barbara Hill,barbara.hill496@email.com,Premium,USA,2024-02-03
497,Gregory Nelson,gregory.nelson497@email.com,Standard,UK,2024-12-06
498,Frank Hernandez,frank.hernandez498@email.com,Standard,Australia,2023-02-24
499,Richard Parker,richard.parker499@email.com,Premium,USA,2024-09-11
500,Brandon Gomez,brandon.gomez500@email.com,Standard,USA,2024-10-11
